,trapEmax
0,1.7409670241073756
1,1.991681542473146
2,2.020709157170358
3,1.9121783292821706
4,1.873102379229456
5,1.7455536999021062
6,2.112302422179909
7,2.143546933796577
8,1.6055713678917733
9,2.1100610280871197
10,2.065133573605719
11,1.61341184450536
12,1.9192627749769808
13,1.0999605787764468
14,1.2818207062749203
15,1.8117239386896673
16,1.4119247086633517
17,1.4486021687066022
18,0.9831538604017437
19,1.2299591246129247
20,1.742090109067901
21,1.4795143877120291
22,1.4837370400051972
23,1.1449216876997332
24,1.4493304241964522
25,1.552216383830065
26,1.664320503535012
27,1.2318676458190356
28,1.7723155682332858
29,1.7504242041692761
30,1.7288480071054213
31,1.705321973384816
32,1.9270057846254127
33,1.5025293817541545
34,1.443810483111679
35,0.9940583491032412
36,1.450498622941262
37,1.5051099351060246
38,1.7539567673177903
39,1.1353713609487763
40,2.0617484201491143
41,1.6208469865462116
42,2.14992828810718
43,1.5990211176261098
44,1.8050761161174613
45,1.4338880826414262
46,1.4746413445579076
47,1.405424804232488
48,1.2870059074008962
49,1.2403659142197279
50,1.8924336404357849
51,1.998421942977629
52,1.2656975260709686
53,1.0496228437884347
54,1.2845982018833257
55,1.3759871852963736
56,1.9089028355443074
57,1.8389281362897674
58,1.4535540107013813
59,2.5042450087342534
60,1.9376614436784996
61,1.1634513325408928
62,2.106556516749546
63,1.644392606953922
64,1.439501776280661
65,1.8383822199149045
66,1.9812381963106505
67,0.8713298405891171
68,1.7615502150592666
69,1.7034752554949524
70,1.804356805453427
71,0.8923302864562319
72,1.4116773148666928
73,1.4796600804882394
74,1.6364030063696404
75,1.8119907305332001
76,1.7506541136120266
77,1.7223348279880062
78,2.0203942378745863
79,1.7682701018305091
80,1.7188636201703995
81,1.773868761475013
82,1.254375842190826
83,1395.3946120748424
84,1.807586371416082
85,1.1807608306843536
86,1.975742518132051
87,2.1956284515903044
88,2.2031400133331664
89,1.93020470033406
90,1.9262375604298456
91,1.4144855913563552
92,1.669241294825755
93,1.663386799262499
94,1.6976681551783157
95,1.573799025285544
96,0.9278223056757213
97,1.7996984204980824
98,1.5175702255824222
99,1.4365668134439502
100,1.8954100645164198
101,1.986355417538748
102,1.9526989291470527
103,1.6244243400014207
104,1.5481987165194044
105,1.9642586762789964
106,2.063809224393378
107,1.405026519795897
108,1.608617783978112
109,1.7550596098687974
110,1.9104282865224522
111,1.8154609278427765
112,1.3854768114374327
113,1.0321628404400671
114,1.3588543774567465
115,1.8645518631449278
116,1393.7959664526848
117,2.663567044575108
118,1.316163661608807
119,1.2830267204677412
120,1.185784080514471
121,1.4378996872289351
122,1.6168473691861598
123,1.8154964939399996
124,1.524416613483355
125,1.7806951794361214
126,2.0948531694930246
127,1.8484349834276186
128,1.7802955403091743
129,2.1796440220368387
130,1.2430461494364844
131,1.3459819247118903
132,1.2051870334859889
133,1.6969229171963018
134,2.4192434710775608
135,1.4943754325391072
136,1.9068731131317278
137,1.8493980617260497
138,1.4557273197417695
139,1.6553488034508168
140,1.5377526679376443
141,1.5511855721882442
142,1.314454101402491
143,1.6239566761541744
144,1.3694661766208376
145,1.202360871278038
146,1.5015200010880325
147,5775.158231618106
148,1.8580675915853062
149,1.8985064608578937
150,1.842994807022261
151,1.5505953466710547
152,2.100241351529946
153,1.3581217853701875
154,1.6661857570998186
155,2.3749885130961856
156,1.2720609714847717
157,1.3197821062791728
158,3.2175614058937114
159,3.157310867272022
160,2.179733359598285
161,1.5329351647566587
162,1.7632113512112402
163,1.4293337573521345
164,1.573341770717532
165,1.6140656452083708
166,1.7323874167970303
167,1.4984331573820313
168,1.0515422062700825
169,1393.882095484685
170,0.9478106892144927
171,1.8313408117007286
172,1.3268937141114974
173,1.503149689288098
174,1.0896918665392263
175,2.4094547866697686
176,1.446596278218946
177,1.326880585863381
178,1.4701638265541546
179,2.1127068697673974
180,1.7841700085930439
181,1.3839286891924065
182,1.785329468274727
183,1.876212544051829
184,1.3116722318284035
185,1.4507027309115423
186,1.501721099662614
187,2.1041638623243237
188,1.571911755205928
189,1.9010834377470414
190,1.1901137088539402
191,1.460598406758129
192,2.004277218631747
193,1.3167850782213628
194,1.4748910402688442
195,1.214939717935684
196,1.4619157710003938
197,1.5507813192569941
198,1.4730255224114688
199,1.3623250485807452
200,1.6388284914532671
201,1.3979171072124754
202,1.2713952427256348
203,1.1724638247368517
204,1.18380400347894
205,1.5218438655722206
206,4925.540500942458
207,1.4659593486945632
208,1.609541092613925
209,2.1792953800353234
210,1.5191744685992503
211,2.5160758459297083
212,1.2653743960754047
213,1.1864219125015676
214,1.7485535865303645
215,1.781913114304
216,1.4413152461734797
217,2.11731173163542
218,1.9118551155432586
219,2.1084700883410696
220,1.138921073444883
221,1.4395398681006342
222,1.4868636058522895
223,1.5141440257568377
224,1.5930971764674158
225,1.3978696087281661
226,1.4497519516545878
227,1.90635065799427
228,1.9131911040478768
229,2.1788752620556346
230,1.778814903706807
231,1.562840433609806
232,1.7134730876550468
233,1.1592398633875136
234,1.8063451386276648
235,1.5949662087943985
236,1.6384287297004725
237,1.551122786006343
238,1.661938245761623
239,2.043359461523439
240,1.803845716971697
241,1.973719164421319
242,1.8297385352867046
243,1.8522638846582038
244,1.5269547192281396
245,1.5645717549229177
246,1.7208452070808549
247,2.170790951692296
248,2.310850083939725
249,1.202840269803281
250,1.5641712489126043
251,1.526311478875079
252,1.6390856634612752
253,1.2866563203588604
254,2.016978783065677
255,1.222860253674983
256,2.0495342701007795
257,1.4723154277090122
258,2.085188936447818
259,1.8619306349813387
260,1.6363634182026872
261,1.0553135792084563
262,1.5322213324723581
263,1.8087235435882163
264,1.589275446962482
265,2.0008812380964094
266,1.1809477070544485
267,1.3537969924537265
268,1.5946604689516222
269,1.5847299431282846
270,1.8324765345728244
271,0.7833343392811177
272,1.4446784292780488
273,1.8286109396524108
274,1.1335129488851061
275,545.0588009743648
276,1.1277870564211205
277,2.0221490861216957
278,1.4724557725247243
279,0.9422749000532615
280,1.182857002745079
281,1.3358710965532676
282,1.4435749110035827
283,1.785620922133139
284,1.5520587045090388
285,1.4148950813141463
286,1.0855838765172232
287,1.0268752284693787
288,1.7271441439455
289,1.5793006271886738
290,1.4630128251698868
291,1.2687963758400123
292,1.1317226819979573
293,1.6265202511339456
294,1.0834194563849004
295,1.621134057256685
296,1.5966849854130625
297,1.5376250293320686
298,1.7694184954120151
299,1.2486309291008504
300,1.8802082660361006
301,1.498549449280697
302,1.8061068130761642
303,1.7815178232265299
304,1.770456924134372
305,1395.1762414887116
306,1.1175159989554497
307,1.1597015294696613
308,1.8948641618326179
309,1.6281820185617975
310,1.2528108870731665
311,1.28755212021252
312,1.6413897290217048
313,1.2400657866996883
314,2.0774215895062906
315,1.7467472896349916
316,1.430547416793744
317,1.7106116980292925
318,1.8099369846682611
319,1.0958519834258944
320,1.634187073500395
321,1.758825759786861
322,1.6473357225210756
323,1.558429454295056
324,1.458504948406292
325,1.5910979508154612
326,1.8642526963731223
327,1.7671221702680444
328,1.815626666009421
329,1.4255139161472716
330,1.6961881808924637
331,1.9060723863749298
332,1.2309354581474292
333,1.3731270393335644
334,1.1907561278349055
335,2.201485988868885
336,1.5133221393818252
337,1.3476201817865532
338,1.948536258321669
339,1.5498065504478469
340,1.292504173956046
341,2.005525344250563
342,2.3468710814171447
343,2.6061107248968804
344,1.6394368198858027
345,1394.9478401055883
346,1.4987769160715831
347,1.377000657106862
348,1.8836534293752016
349,1.5361283205845444
350,2.192063478896007
351,1.2641534031120336
352,1.9320619695198455
353,1.932417245503444
354,1.5321856140216132
355,1.4342671712763615
356,1.4150740747516979
357,1.3878148807400463
358,1.5033546948882859
359,1.4375816043506027
360,1.4139583590765712
361,1.4067419758562214
362,1.5211023816456757
363,1.305932455385859
364,3.0138304769651176
365,1.1427888711061942
366,1.8685147810906597
367,1.6855149008331933
368,1.7790587501387574
369,1.560074121279466
370,1.9535779327470535
371,2.0151173415704178
372,1.5771915201919704
373,1.3095854174281252
374,1.8136869592969078
375,0.9945283561138314
376,1.4625640776022866
377,2.0778260473297396
378,1.6825831767594086
379,1.228066840747189
380,1.4168759927925292
381,1.4276279233345113
382,1.2470553574414796
383,1.427652718852574
384,1.0008903572310759
385,1.149290196900632
386,1.7854156968337473
387,2.127012473420723
388,1.4287690117429845
389,1.6745247487185912
390,1.1808927816480712
391,1.6977034743087203
392,1.5647204906486314
393,1.5838328091684732
394,1.2960592333251373
395,1.8236110396438172
396,3949.0316717610935
397,1.8346924571400955
398,2.586394700154293
399,1.4568045692847749
400,2.399915943135896
401,1.3431593591053335
402,1.6167529845623543
403,1.7887330897828748
404,1.4289528161533454
405,1.4292880414727562
406,1.1726974153004444
407,1.2159905392418102
408,1.5857100320733508
409,1.3586405837885343
410,1.249205848069203
411,2.1581569879241385
412,1.68348104102271
413,2.5969333982908647
414,1.6878402746536971
415,1.7117554753776154
416,1.2068656889309535
417,1.349935322269406
418,1.3561553847282237
419,1.8794280765373528
420,2.080002372872905
421,1.2561607029714634
422,1.4882204870071845
423,2.2986210786546755
424,1.4470824636478576
425,2.1135725040262945
426,1.9366967491137392
427,1.4397530565860397
428,1.1368413911593584
429,1.627663248418863
430,1.6308663427121446
431,1.4226790243963128
432,1.2786113003995874
433,1.4236532815185088
434,2.1731550380226827
435,1.4827900074226523
436,1.54531605309169
437,1.1279940964444852
438,1.6410680016915213
439,1.7139709096010096
440,1.3702189466445707
441,1.1549594737796294
442,1.4853882795547781
443,1.9248069610082121
444,1.5005676007344706
445,1.4742876159564984
446,2.1246855971576317
447,1.7357906723306635
448,1.7417063889941313
449,2.0112464247815582
450,1.7080139375276389
451,2.7372814874312943
452,1.051232977887553
453,1.6358915038924748
454,1.3128893778866715
455,1.5977519338567465
456,1.8099895901383547
457,1.955321188644389
458,1.589711615779745
459,1.6355077792586894
460,1.5998131446356505
461,1.3115653745479567
462,1.6745220028494752
463,1.2431915226126589
464,1.0905071714370067
465,1.6802350694194574
466,2.0424075913207242
467,1.6473599609708964
468,1.4606394515988392
469,1.85396959117114
470,1.5871125637647174
471,1.6933749290107576
472,1.6704375967667278
473,1.7832931972524568
474,1.3977656920765276
475,1.881008602749301
476,1.7966124204135847
477,1.71012170484169
478,1.394732113741896
479,1.724900665292207
480,1.5975217163316007
481,1.4124626238117732
482,1.287623993773442
483,1.2501034488682432
484,1.2569969802772618
485,1.6334954206255257
486,1.517630709230786
487,1.4243808555466093
488,1.4452031588990837
489,1.4279626178579758
490,1.8892253177439462
491,1.2296303415265564
492,1.6070559845039483
493,1.5799295575606846
494,1.3149765571117058
495,1.8522181498277224
496,1.5249745793720217
497,1.515959704201174
498,1.306050544855788
499,2.714811884505747
500,1.4635046506050327
501,2.002544597721467
502,2.228735888682105
503,1.8430299398752297
504,1.5348836063534872
505,1.4265259777967936
506,1.3578076176122218
507,1.7784044872884694
508,1.164738760168533
509,1.392374891949195
510,1.3738986377421496
511,1.8508817515936031
512,1.3663564496861282
513,1.3835100220721246
514,1.406365682642193
515,1.3116264592277422
516,1.3816790039347293
517,1.5671443060504024
518,1.4952519163726894
519,1.4348819710145198
520,2.0390245101894355
521,1.6284885419367556
522,1.1144982111403643
523,2.1905322510788987
524,1.9069716688069889
525,1.5862944235932106
526,1.3340885171901695
527,1.3700601156856416
528,1.3640028838878024
529,1.762444833965685
530,1.1981102549641747
531,1.4963747859036596
532,1.2311911776056066
533,1.4858450104614525
534,1.400191536297859
535,1.9738839753376682
536,1.4028259026303866
537,1.7598456590096292
538,1.4039986225863923
539,1.302669755142693
540,1.1988564345665016
541,2.204250981721918
542,1.3569337162126203
543,1.4127010870939616
544,1.4627938947259285
545,1.8407311889542475
546,1.5582391950491032
547,1.5701407330867998
548,1.1844866638681668
549,1.780110867889359
550,1.9413833425480311
551,1.6601845463698277
552,1.433971503914422
553,1.5564303737301608
554,1.6754460632035808
555,1.7351256543522768
556,1.4792927271552005
557,1.161530483043952
558,1.7537421074175907
559,1.557097157940698
560,1.8399370546940574
561,1.4719565048895629
562,1.738394826732941
563,1.8443390556796742
564,1.2455405008105784
565,1.3040497937222677
566,1.6174484988406326
567,1.7684371877884149
568,1.155764668349485
569,1.270337314877266
570,1.9121744981818727
571,1.5954533675676756
572,2.0712908233213563
573,1.6194624686183934
574,1.2483772827376751
575,2.056382430051817
576,1.9596108572460702
577,1.4010151809320652
578,1.476006768931383
579,1.2268924277228226
580,1.3574873095255537
581,1.0273867788766995
582,1.6725830644846462
583,3039.9738358966133
584,1.5492840473591263
585,1.4421981666538906
586,1.616948069868505
587,1.9061971094697032
588,1.9893705916776945
589,1.742204769301391
590,1.0420080019298532
591,1.582016034775
592,1.933270700435906
593,1.4944214049735813
594,1.7056789651755022
595,1.7832611813189174
596,1.7725902239437588
597,1.2691696526217702
598,1.470495855815646
599,1.8972856326985281
600,1.7218083615125213
601,1.147263833510124
602,1.2482315907860368
603,1.2831539984760156
604,1.4021477148048123
605,2.2010871285858733
606,2.0553077796481043
607,1.3260578785945782
608,2.08903311170967
609,1.305016370526185
610,1.27745581621628
611,1.9596093469065927
612,1.8219251899634645
613,1.7230587609671324
614,0.975030018232733
615,2.126465542462416
616,1.60008996896148
617,1.537462970948513
618,1.7695681722000425
619,1.1846318354889087
620,1.5875977267481278
621,1.9057111954890622
622,1.5158366047601441
623,1.9819827727348596
624,1.1979322084417583
625,1.4516114310035275
626,1.6793659325485615
627,1.2776556175455693
628,1.4901743998180206
629,1.4715554346165334
630,1.362701933369916
631,1.8596824356889503
632,1.9132934558147217
633,1.063814744847757
634,1.4831405181701887
635,2.5813236920420994
636,1.0861699966199185
637,1.132729269318331
638,1.465710517057012
639,1.6695137599581709
640,23.42220034816753
641,1.728446733766168
642,1.5041659620847314
643,1.0553593976191868
644,1.7287228288036074
645,1.8488216018174353
646,0.9747884655304754
647,1.5533760068011886
648,1.2180208946628404
649,1.7559949100254053
650,1.4670387185279374
651,1.7674240251028868
652,1.5467434238544806
653,1.1435669050355923
654,1.8708850157896002
655,2.062949003587246
656,1.0334103637831793
657,1.508544197609631
658,1.4295351860331182
659,1.4408743789876357
660,1.1081185562429223
661,1394.2250101266723
662,1.4698795662174193
663,1.6471378245481807
664,1.0403802781217308
665,1.6029417460182116
666,1.9282012931693029
667,1.711422763608545
668,1.7654691702145608
669,2.4936470509234283
670,1.184745717897306
671,1.4414291726710813
672,1.5673897522750326
673,1.3582901489387298
674,1.5650678370064532
675,1.4523635776656494
676,1.4947035830018698
677,1.14482948217387
678,1.2715308561843428
679,1.6433288931703742
680,1.7531722296000698
681,1.5591433782856228
682,1.3985798975911534
683,1.583902206777982
684,1.663883924638247
685,1.8735637499226032
686,1.0712759872400315
687,1.5636601857193906
688,1.796178080149666
689,2.0574975922619587
690,1.2828611811847168
691,1.2738900336575834
692,92.96190832873748
693,1.605600537704382
694,1.3262033627779866
695,1.8592942712234826
696,1.4584804480555322
697,1.2361729117775018
698,1.7744888665419754
699,1.2948911347239922
700,1.5557562715360955
701,1.5687954818228405
702,1.5549584053974794
703,1.2322197545543125
704,2.2765096597654106
705,1.5087685321086866
706,1.4226147764512607
707,1.6275447722521237
708,1394.5902047931886
709,1.5115235619004315
710,1.028029586899859
711,1.2823701998530104
712,1.1841180525196322
713,1.574064514281205
714,1.1472731042323732
715,1.4438753995743987
716,1.1200300474036586
717,1.7638145274829236
718,1.3234488409014245
719,2.011493991792164
720,2.26437369447657
721,2.1054869065924424
722,1.1858816621526658
723,1.2699324838402124
724,1.2399371977972482
725,1.6470202707043589
726,1.6663325224661854
727,1.4690494985440439
728,1.9641765014542125
729,1.86585685841535
730,1.7415106927183108
731,1.8125960786773956
732,1.2814793346868898
733,1.2586758364255155
734,0.8780452121614231
735,1.465267364611064
736,1.6134602902273583
737,1.6622551111112356
738,1.7886731837208492
739,1.5054950691383178
740,1.6805342896242372
741,1.737117233098791
742,1.7509385846562862
743,1.6596780917694787
744,1.3611283891026484
745,1.7582586094554478
746,1.4196973586679436
747,2.107833937505993
748,1.157798007943642
749,2.085868792961195
750,1.358437955504701
751,1.4820210204967106
752,2.193068246357036
753,1.4894550291645163
754,1.6303177584658999
755,1.9955380526409578
756,2.3069704419656407
757,1.3367058026021081
758,1.5811480608178707
759,1.1881424605763113
760,1.6133788420055295
761,1.4357576427702172
762,1.5757811302126463
763,1.92471917228758
764,1.2266698992811498
765,1.831574139832599
766,1.660542898665184
767,1.972468390693057
768,1.086166332801001
769,1.8207251467115562
770,1.162637392687665
771,1.419626086619037
772,1.987428798016975
773,1.2754075185502387
774,1.3325109071055872
775,1.6552722289316477
776,1.5487182610048424
777,1.5385381162937029
778,1.7479379846764078
779,1.1426161932700944
780,1.4135135780145784
781,1.7923014019105867
782,1.5329310551843578
783,2.1444809176707293
784,2.1840016092166774
785,1.0740143878804256
786,1.4126006903076942
787,1.5754285596039153
788,1.8453043621200897
789,1.617547464435969
790,1.521887185503043
791,1.2471340314005588
792,1.1243238759852794
793,1.753401063022422
794,1.9053848311275363
795,1.4693706668404194
796,1.421466264045313
797,2.0387723139408
798,1.6616260457984966
799,2.442972768391005
800,2.071671012770661
801,2.189053917492052
802,1.819824423864045
803,1.622011607817525
804,1.563609825532053
805,1.2144347924316528
806,1.305323468687431
807,1.37963227308632
808,1.2387933383795031
809,1.7467877330942514
810,1.6961708064921
811,1.725468265150959
812,1.644194596320765
813,1.3461905492673751
814,1.4049150112038542
815,2.2484758670420075
816,1.8147081065832276
817,2.6706287289120585
818,1.2242960282975393
819,1.8710005482984422
820,2.4036646019292154
821,1.3944981948805408
822,1.6301785903970707
823,2.35504143162405
824,1.1529085002716823
825,1.9686016902040837
826,1.9615260715532785
827,1.6464159158808562
828,1.972803098411909
829,1.9680945516434507
830,1.6459935212242032
831,1.5650109513732362
832,1.8603761031280197
833,1.678944758819706
834,1.4084776945721003
835,1.3394517640589039
836,1.285200113936723
837,2.2984880090763777
838,1.731021279626188
839,1.4775834077963255
840,1.3167154580815028
841,0.9414439432085645
842,1.3926563777877516
843,1.4476619845105774
844,1.3087117789658955
845,1.4139002653370534
846,1.6671163337651085
847,1.7281961370848213
848,1.5170752536137315
849,1.757453390130277
850,1.2460997624088912
851,2.184829812908301
852,1.5881048366759625
853,1.1508540253648616
854,1.6248668523666627
855,1.3757772467389375
856,1.724870976385637
857,1.2631208828325329
858,1.5264452962283201
859,1.704504442658429
860,1.1826093604881347
861,1.5113428836313114
862,1.2954216518048285
863,1.5908583509168064
864,4219.08151343478
865,1.4801533233335313
866,1.5954792424778863
867,1.5189244790760483
868,2.2927914704677623
869,1.5584881754952709
870,1.5548211515860328
871,1.227577240770556
872,1.606592454079982
873,1.9423130589138962
874,1.5553075858426189
875,1.8908032424078076
876,1.583444408045513
877,1.4094050578132022
878,1.2692598009445457
879,2.344639914026766
880,1.6400068672166692
881,1.7096891998744623
882,1.6214521625612566
883,1.8188873390996425
884,1.7343393053134777
885,1.1662460559343977
886,1.3144372465570675
887,1.6200089312715096
888,1.561206219284829
889,1.867499013177485
890,1.1146439378304511
891,1.5078411677458612
892,1.5579271416251652
893,1.4755952937875443
894,1.7281163056176352
895,1.4017554139153479
896,1.5181056598194316
897,1.3505363403797848
898,1.81163571542557
899,1.7029270115672743
900,1.383803899722097
901,1.7643154079467342
902,1.265646983892268
903,1.3618183687508492
904,1.715052349142967
905,1.5918803611604744
906,1.6039534825648045
907,1.891830478600049
908,1.4846678221866612
909,1.3031057725144606
910,1.695128377274237
911,1.5189021404452105
912,2.2948097233506566
913,1.3029196935408138
914,2.1656549882753877
915,1.614978141391963
916,2.0525333464871696
917,1.6848924478064151
918,1.7806488400119524
919,1.5856748392345952
920,1.0363855977557386
921,2.4438275879071494
922,1.6610187597987653
923,1.397073181476731
924,1.8511892147491273
925,1.5183221082882683
926,1.9027088892105908
927,1.7420253588192507
928,1.8857831231543483
929,2.3979968948449755
930,1.885510665780498
931,2.7809393985759128
932,1.3931272599011455
933,1.6583314279367374
934,1.7854410818581197
935,2.325035083789768
936,1.877945766337189
937,1.488939867612648
938,1.4340976951393904
939,1.1147274028585628
940,1.3671310397872725
941,1.3339943236292595
942,1.5196245982007455
943,1.509533173646796
944,1.6966010183572489
945,1.9158096977582644
946,1.363442723498742
947,1.2636226625965026
948,1.7965309498204511
949,2.290990535913898
950,1.5138939114767227
951,1.4739386472578506
952,1.7240435745707547
953,1.3208354019786996
954,1.7736088883332222
955,1.8857569723568066
956,1.4617889103793473
957,1.3270103643406768
958,1.5941622354675706
959,1.9720188364458986
960,1.8087183883919324
961,1.6418248044368993
962,1.2680520323360915
963,1.3951339247624293
964,1.5362246050682407
965,1.6454186531142165
966,1.4853777228980667
967,1.9006783402630252
968,1.124885559985226
969,1.3224582872001092
970,1.3093051105847775
971,1.529919521810393
972,1.7571694100740791
973,1.7225781881275655
974,1.5817194017721588
975,1.8390678072217406
976,1.0887919173168563
977,2.054912033273914
978,1.3418624267797297
979,1.6979881062098687
980,1.5980608176620954
981,1.4881127322003531
982,0.9397420249315829
983,1.594273759053523
984,1.671982004417858
985,1.9098366130566247
986,1.4969721590041758
987,1.764188553808823
988,1.927574327043597
989,1.3389659609012716
990,1.8226442813130632
991,1.433683703236659
992,1.0229728418841195
993,1.3701823634864112
994,1.446342602221593
995,1.5096947323831946
996,1.3309715941454812
997,1.0444736382611686
998,1.3671049185928426
999,1.5580309787159616
1000,1.894774822521165
1001,1.7997716734226845
1002,1.409992514265427
1003,2.28434325399249
1004,1.6259570960517775
1005,1.1621540152548648
1006,1.9595195298547161
1007,1.0411785022234301
1008,1.3638124351448067
1009,1.8930123968493155
1010,2.0538276897811314
1011,1.3228670680336954
1012,2.066367407830824
1013,1.8717789338672277
1014,1.8386851377104383
1015,1.4213875181456106
1016,2.2805017282712363
1017,1.2832844382445185
1018,1.8394852139113989
1019,1.9722840542672224
1020,1.1822331724248953
1021,0.9661824395604749
1022,2.016949561601221
1023,1.044129717373351
1024,1.5220845937671588
1025,1.27779288684299
1026,1.692573326163457
1027,1.382723802918372
1028,1.8978357241480213
1029,1.605701649325667
1030,1.374779733682312
1031,1.3437203735186705
1032,1.6929102729099819
1033,1.6794258072474517
1034,1.8065622883587014
1035,1.6734024116712407
1036,1.571008278633651
1037,1.746360783950197
1038,1.6960357550541076
1039,1.823470061889314
1040,1.8597043928731005
1041,2.3829664532162838
1042,1.1469826417715243
1043,1.5261622008145952
1044,1.897327338210144
1045,1.8713958464344644
1046,1.9368366968098822
1047,2.2761101780164994
1048,1.5241273306068903
1049,1.851356355827667
1050,1.2204128756377652
1051,1.6650792428916736
1052,1.7214172378033636
1053,1.6934103046617694
1054,1.9413267613963856
1055,1.8411410958980345
1056,1.6294898996702791
1057,1.5462445036623973
1058,1.694688291586603
1059,1.528968234236007
1060,1.5863990680772886
1061,1.8102848531106015
1062,1.7227774588937117
1063,1.231850488415114
1064,2.093742372724024
1065,2.016995721965958
1066,1.9249473667414638
1067,1.519918903761643
1068,1.4895027053990266
1069,1.3813216244083832
1070,1.3199152981122195
1071,1.0228578080108377
1072,1.4035022955285574
1073,1.9982441514957616
1074,1.0042071595615931
1075,1.4225943327180879
1076,1.6236556515100096
1077,1.2265574885404509
1078,1.7602582334711026
1079,1.4509470521318837
1080,1.2696413246882743
1081,0.8369959889662353
1082,1.8211323007102493
1083,1.658796785430605
1084,1.6749684118971147
1085,1.2384705989717948
1086,1393.3746230648694
1087,2.134942939287688
1088,1.298420484506337
1089,1.8500916689649523
1090,1.560700772666584
1091,1.0583202897656665
1092,1.5486675325799093
1093,1.634715090660233
1094,1.4182855418944866
1095,1.7593848397474734
1096,1.7661151931706829
1097,1.323989759163042
1098,1.119957806258857
1099,1.9102311355646786
1100,1.82550362292168
1101,1.664193239286491
1102,2.152304103027238
1103,1.475600090944245
1104,1.3074907327775094
1105,1.1119791925638667
1106,1.5470885578245543
1107,1.8965850810396097
1108,1.6367776662271247
1109,1.8099404880113956
1110,1.3707073461589068
1111,1.609125508056772
1112,1.3536933771099329
1113,1.8320717594361398
1114,1.759497881282121
1115,1.5971636595810161
1116,1.6209987351501642
1117,1.056275781052652
1118,1.595014955709623
1119,1.6482927823746372
1120,4240.118893237348
1121,1.3198245340306929
1122,1.3852770316438114
1123,0.7308911290100524
1124,1.1969736948877001
1125,1.4312068646861957
1126,1.612157842940138
1127,1.6864375327230388
1128,1.4865388087283453
1129,1.5856491753882462
1130,1.5391137802406918
1131,1.8471870586401415
1132,1.2052581643876958
1133,1.9207638369890851
1134,1.5654790803720584
1135,1.7561193280531846
1136,1.4284530886962705
1137,2.4365642559210645
1138,1.6399995169684052
1139,1.6195387703031354
1140,1.326276279725963
1141,1.498962475299802
1142,1.9301027683595111
1143,1.83809340370821
1144,2.329229268783108
1145,1.6670649711260122
1146,1.5070935582206162
1147,1.4208704142642676
1148,7.43505518932111
1149,1.1131362663423943
1150,1.906843785657063
1151,1.4173415616765046
1152,1.420594739878607
1153,1.4009857131870067
1154,1.439165001725532
1155,1.624129326317714
1156,1.4360056562727292
1157,2.1682656168491956
1158,1.795309103217609
1159,1.9169303587752278
1160,1.1158672885039662
1161,1.458411221282497
1162,1.5334838103190291
1163,1.477002542652451
1164,1.7151650545901131
1165,2.096193131779864
1166,1.811671329501521
1167,1.7963773471592783
1168,1.6248741280126897
1169,1.4123465286968013
1170,1.5511415159901192
1171,1.0781921585528804
1172,1.1946009968807876
1173,2.105577827840346
1174,1.278137692200118
1175,1.6357900285213431
1176,1.78122020844185
1177,1.8292881884460146
1178,1.4166582690897798
1179,1.3364546795015584
1180,1.587214327359283
1181,0.8969095759112299
1182,1.6209728980587184
1183,1.4473641067050238
1184,1.4517001341739837
1185,1.9011307971507634
1186,1.7607946560253878
1187,1.7133320575798796
1188,1.8877478995946413
1189,1.6200090066635207
1190,1.388830076337919
1191,1.2040456075240842
1192,1.106313996388904
1193,1.9288241310868253
1194,1.4780056018816865
1195,1.4287028438139038
1196,1.8187650549176166
1197,1.079250994270797
1198,1.5911526180248752
1199,1.4939552711892488
1200,1.8059733335741366
1201,1.8577238294269458
1202,2.297878772486571
1203,1.6001624077668102
1204,1.6216327525206244
1205,1.5280636097749813
1206,1.7268310178305786
1207,1.4958927596960623
1208,1.2543672938890476
1209,1.1894352513163569
1210,1.5030603894693997
1211,1.9944291863775456
1212,1.6416651525842043
1213,2.2291581508058664
1214,1.8518942450076856
1215,1.9633989282409758
1216,1.2350928390639353
1217,1.722711326718231
1218,2.3153038800243437
1219,1.5414194653419597
1220,2.1914050027463783
1221,1.7257922427636787
1222,2.1176371323204912
1223,1.7094077763708613
1224,1.6225269980191872
1225,1.3726510887119376
1226,1.2321815787555013
1227,1.5327482048272478
1228,1.260279489661993
1229,1.4608116384157308
1230,1.8299543812270354
1231,1.8456328954955719
1232,1.4748925355135782
1233,1.6918558445236485
1234,1.6464635635586307
1235,1.6065518713966376
1236,2.083805750510119
1237,1.156874628711285
1238,2.122044267706891
1239,1.2713047186632553
1240,1.3006019200047263
1241,1.483059610266552
1242,1.6789022258788877
1243,2.080763208433407
1244,1.5408862324559187
1245,1.6586923025831328
1246,1.5637245709015257
1247,1.6653413797853727
1248,1.7621940330572823
1249,2.0434379074044076
1250,2.1011237667357223
1251,1.4544485023559885
1252,2.0732819556282447
1253,1.6805823460511837
1254,1.520824102769905
1255,1.1479381831631514
1256,1.3575599639721607
1257,1.851175405490124
1258,1.5720140031386123
1259,1.3399800606160244
1260,2.1259901792920277
1261,1.6470356641318185
1262,1.7124108733509742
1263,1.6850826855927696
1264,1.6610453965698828
1265,2.0155015044867386
1266,1.5384238068227836
1267,1.7488522736697485
1268,1.8146187657967094
1269,1.6091164550795547
1270,1.2339025822739418
1271,1.6641990145697387
1272,1.591764087637531
1273,1.861078928712488
1274,1.9385331354454851
1275,1.6853276858770974
1276,1.5479028731956443
1277,2.2221470913758044
1278,1.4021175879033692
1279,2.0832576678690655
1280,1.9430311560384619
1281,2.3273783085314745
1282,1.393575682081778
1283,2.050200972817316
1284,1.1071274284378207
1285,1.263958212128244
1286,1.4568579146292497
1287,1.1309332199336009
1288,1.6570756874619352
1289,1.1370208551193908
1290,2.0513650321787487
1291,1.8094682922387106
1292,1.5809609836721288
1293,1.1024390747213693
1294,1.6654024587406193
1295,1.3145929788676853
1296,1.5508926970037809
1297,1.576629566462621
1298,1.567371173968444
1299,1.42974955087686
1300,1.7291700262174403
1301,2.25573672169635
1302,1.6391529496549417
1303,1.5918470398365834
1304,1.5385784954600803
1305,1.5054622450290762
1306,1.560123655580609
1307,1.5512415952415408
1308,1.4038773161493834
1309,1394.7469802542519
1310,1.3729743115846147
1311,1.2003256331378591
1312,1.327707518334074
1313,1.847978071163614
1314,1.4837403252185453
1315,1.3965422347761987
1316,1.7208850972382184
1317,1.7334050543953592
1318,1.3159839770727033
1319,1.7226277611031982
1320,1.644772823653463
1321,1.0862303999490501
1322,1.8574829610065848
1323,1.5594796465298417
1324,1.684131885347048
1325,1.9239005644348124
1326,1.6239949352904315
1327,2.304958310325762
1328,1.4267254029293126
1329,1.4564043281561236
1330,1.8849135155181378
1331,1.34787054657467
1332,1.5295299198091117
1333,1.4990897279435171
1334,1.161953864285353
1335,2.0228796436330057
1336,1.7036010078693706
1337,1.5560170822403097
1338,1.445801458536212
1339,1.2688254296363852
1340,1.3534497929465652
1341,1.4321231702502297
1342,1.9237258873885814
1343,1.7208006552413253
1344,1.121269734015543
1345,2.1500987780891325
1346,0.8433691217445568
1347,1.5245935971733766
1348,1.3136987626047791
1349,1.8263846931399
1350,1.670690799202574
1351,1.7071965031572311
1352,1.4512384792358055
1353,1.7325883398982485
1354,1.7271119773260513
1355,1.9897727178006217
1356,1.3661977087906516
1357,1.334534610546268
1358,1.7244953333948652
1359,2.09402101627517
1360,1.21717886536312
1361,1.311517217204999
1362,1.2919318985820236
1363,1.4903012683084593
1364,1.615977037196306
1365,1.6176915071639715
1366,1.400549200253446
1367,1.5847890169793442
1368,1.1585705359654868
1369,1.0290966869173273
1370,1.3656851829288685
1371,1.8682612073680616
1372,1.4957196057064202
1373,1.5099795157921123
1374,1.7185873005337327
1375,1.9651757534616243
1376,1.3977799609257409
1377,1.4193752150280003
1378,1.7843020904469482
1379,1.4264151903461122
1380,2.047468544025779
1381,1.383573041156034
1382,1.4744456067516793
1383,2.0293506013084825
1384,1.6964004473077146
1385,1.0578041572122123
1386,1.6897597780470952
1387,1.7159749065698497
1388,0.897377874317967
1389,1.5489922926437107
1390,1.808551292655215
1391,1.7511386734017278
1392,1.4281166306297812
1393,1.4644069762083054
1394,1.9523571081150994
1395,1.93594594674653
1396,1.5758486031344334
1397,1.5362705947935824
1398,1.3410336897624793
1399,1.3788566369452024
1400,1.7304928125753594
1401,1.8146150365853586
1402,1.2619149706616295
1403,1.7842675967492452
1404,1.9853394746927753
1405,2.1469544013715005
1406,1.3569125147002705
1407,2.1291202492308563
1408,1.7041285332925236
1409,1.8594239303257065
1410,1.735090083487017
1411,1.1374522636802344
1412,1.2368192849381763
1413,1.7533402385149195
1414,1.641576362908898
1415,2.2798567222788755
1416,1.7597313593037653
1417,1.8076677932297218
1418,1.0865472169248591
1419,1.638113305888675
1420,5077.807513545974
1421,1.3216142213460613
1422,1.7074353070457027
1423,1.4337274638413768
1424,1.599575669490178
1425,1.3912502037096866
1426,2.1456877904753133
1427,1.646090935594655
1428,1.7228919320489962
1429,1.7742929606645454
1430,1.4144413491337644
1431,1.794866093443456
1432,1.1369612890259497
1433,1.6954461331989072
1434,1.3141080889230947
1435,1.5300964539419901
1436,2.082308742142483
1437,1.376254548138629
1438,2.184515170307011
1439,1.4789869280266725
1440,1.4370809344137871
1441,1.1628018797380277
1442,1.747959578248899
1443,1.2420887017815683
1444,1.9746006010886574
1445,2.1392786886658364
1446,1.7975284856744493
1447,1.084773969589999
1448,1.5860954769597149
1449,2.2974732173451304
1450,1.4229861079258779
1451,1.7600413115690046
1452,1.3834238421432759
1453,1.6927946095769921
1454,1.9081535866402686
1455,1.486350512266902
1456,1.0617723254421665
1457,1.763096537706218
1458,1.2595673103990328
1459,1.741321865744428
1460,1.2759254843276084
1461,1.553413113024175
1462,2.174407036535152
1463,1.2709909170191467
1464,1.2153332761057685
1465,1.846493960453729
1466,1.7392767477109232
1467,1.9207036929281518
1468,1.821974029738427
1469,1.4052536024059974
1470,1.0283915651953544
1471,1.472746073660479
1472,1.6679276658261901
1473,1.6143261616394993
1474,1.8414096379472076
1475,1.4479252821035389
1476,1.8541179344755927
1477,1.7058214557881493
1478,1.417321040707886
1479,1.3255238720422002
1480,1.6132554102398993
1481,1.341622299695953
1482,1.9365764488813177
1483,1.6060392926149962
1484,1.9809945988722049
1485,1.5010954524250475
1486,1.8843171091295277
1487,2.0142445021401127
1488,1.5178464066849222
1489,1.2846561448013365
1490,1.1602431265598077
1491,1393.4883945764009
1492,1.6765199779777793
1493,1.0612676959785707
1494,1.686510844347953
1495,1.9524357143472806
1496,1.6970977100901812
1497,1.233412139877834
1498,2.3205461341933535
1499,1.2924277736211103
1500,1.6692509167576113
1501,1.6642206734751255
1502,1.8017475405516725
1503,1.3482921799026937
1504,1.5814894457121278
1505,1.2830000689518992
1506,1.7552190044875018
1507,1.2487482389857922
1508,1.6003211050529773
1509,1.128740419578
1510,1.3930455205488448
1511,1.6105160297407997
1512,1.940108780126592
1513,1.3708722402258027
1514,2.0808108761745596
1515,1.4304227038341237
1516,1.9109018819424988
1517,2.234767725354224
1518,1.3865951614686722
1519,1.6379663257504722
1520,1.436908650519818
1521,2.007099805573376
1522,1.304491552778612
1523,1.9389511098940604
1524,1.1984642099110854
1525,1.668411164422561
1526,1.5991011203456298
1527,1.2467205257490312
1528,1.3427343477893432
1529,1.5612006331137411
1530,1.774241338580602
1531,1.9059990389689263
1532,1.695257563316958
1533,1.5518870303441978
1534,2.0657283286606893
1535,1.0946602790721072
1536,1.5583577100223023
1537,1.5708374034832733
1538,1.3599749398931478
1539,1.1416919233106744
1540,1.8133645702320842
1541,2.667407598705617
1542,2.0408690476062636
1543,2.082485286815101
1544,1.8162831705937796
1545,1.503171505089571
1546,1.3187226709883988
1547,1.8276508005489653
1548,1.4589391996842738
1549,1.95777933777008
1550,1.5798870525874438
1551,1.4231472763446509
1552,1.2690840033468571
1553,1.7665104510379888
1554,1.70125272412062
1555,1.5446595818208229
1556,1394.6717697334077
1557,1.2982106599979903
1558,1.277784005118078
1559,1.689182187028514
1560,1.5894092826913695
1561,1.461346343544873
1562,2.1351779575633527
1563,1.8940102206975173
1564,1.6739939280293024
1565,1.2383580943002859
1566,1.6835422955273909
1567,1.6071459481572605
1568,1.549839268446071
1569,1.6509676963332398
1570,1.7425811189215192
1571,1.5221248159228755
1572,5750.01149272981
1573,1.766275583653503
1574,1.9871807875224092
1575,1.5101178329765659
1576,1.2547749738011549
1577,1.3899096658182875
1578,1.4341103362769005
1579,2.095760808377965
1580,2.09788896197545
1581,1.7478304529019988
1582,1.338955274394438
1583,1.62938980572275
1584,2.354436115038894
1585,2.374444050366991
1586,1.4386224151124158
1587,1.230356568858333
1588,1.5105145530341682
1589,1.811032986948615
1590,1.3616051892334213
1591,1.5676731994390327
1592,1.2865060263323977
1593,1.3559457170087772
1594,1.761864960954166
1595,1.4516970480037086
1596,1.5619351547429816
1597,1.4467696158629686
1598,1.3731111263512281
1599,1.2421183260104125
1600,1.763833450228287
1601,1.613062138687423
1602,2.161548172910333
1603,1.8891726312681685
1604,1.78094983052422
1605,1.0910499912562532
1606,1394.3174768175347
1607,1.903239153763155
1608,1.95412457547839
1609,1.0972411936028328
1610,1.986513023169167
1611,1.6588168239045458
1612,1.5155534005573081
1613,2.0769292785996076
1614,1.0089543027283527
1615,1.5057806598434744
1616,2.0175153975247584
1617,1.675406522000205
1618,1.6098474972441497
1619,1.3497893183754182
1620,1.7083600417718934
1621,1.3947867395318152
1622,1.1928693133074426
1623,1.1275716651087597
1624,2.0450005728091476
1625,1.475021911749643
1626,5332.043121976063
1627,1.6374511357838828
1628,1.7121057896566565
1629,1.7964356870721998
1630,1.4740816454218302
1631,2.101301119266184
1632,1.2071633417781082
1633,1.2998079103869804
1634,2.030630701062873
1635,1.212386477920579
1636,2.239486092529569
1637,1.4548505331380759
1638,1.891075624095555
1639,1.637565378751073
1640,1.785958940014917
1641,1.8697958014839648
1642,1.2556112360021947
1643,1.6937561483974446
1644,1.4932054274977569
1645,1.444151400976109
1646,1.6841339573709098
1647,2.1436803768724824
1648,1.196122460177617
1649,1.033882016008786
1650,1.8615450001407867
1651,1.6296775282918905
1652,1.2592034280526354
1653,1.582679830398846
1654,1.1078887320845265
1655,1.7618842802373855
1656,1.7175747564032906
1657,1.700042197888852
1658,1.3941363476382715
1659,0.9911517074816653
1660,1.8670779629192182
1661,1.5720788586975127
1662,1.6503443144069943
1663,2.2904719624300616
1664,1.9025999629415966
1665,1.2021340339296291
1666,1.7489123249295924
1667,1.4080126088321965
1668,1.5640860332942108
1669,1.5522648592659485
1670,2.380784759340478
1671,1.2780411469513253
1672,1.620389808433907
1673,1.2852800226256316
1674,1.2661622026199018
1675,1.2160102546294052
1676,1.8814531087870432
1677,1.3953097988332968
1678,1.4700344114319719
1679,1.7647961959804805
1680,1.1108668683550549
1681,1.6061191351079371
1682,1.989857141958755
1683,1.3229137374881241
1684,1.2666157867576138
1685,1.6865720690241817
1686,1.627377977774688
1687,2.1546711546245167
1688,1.7625159133126598
1689,1.7224689900155465
1690,1.3140659065267848
1691,1.7198431334015833
1692,1.6092568537194394
1693,1.5896720869608576
1694,1.3752682160805785
1695,1.7277909342726694
1696,1.3676997694046258
1697,1.5987387436139757
1698,1.9043793006273615
1699,1.8801726455529797
1700,1.8593030732629554
1701,1.727426084304765
1702,1.783714702886165
1703,1.6493866398833308
1704,2.1833546292440773
1705,1.482926408911249
1706,1.9852396800327938
1707,1.9903965931786527
1708,2.072802211967863
1709,2.201398992644747
1710,1.6583518827304904
1711,1.6171936224918522
1712,1.887557957311891
1713,1.8106188162219095
1714,2.0887920394744857
1715,1.3608533795319124
1716,1.4325468223644424
1717,2.4009127236607224
1718,1.7543229986196769
1719,1.7653275823598928
1720,1.6282548132339245
1721,1.8133007099866918
1722,1.16179264203502
1723,1.7268523136960579
1724,2.013480912765059
1725,1.4982257133986217
1726,2.2299046389825166
1727,1.855486665259182
1728,1.5648916003776676
1729,1393.025677463551
1730,1.3476168216108921
1731,1.8810075624476164
1732,2.0750794713272143
1733,1.266746387476468
1734,1.18985827975752
1735,1.5874431662184219
1736,1.5029027036927163
1737,2.190574950198895
1738,1.3079542782439328
1739,1.36032288885924
1740,1.9943810148414682
1741,1.4893116874659333
1742,1.8197832253813746
1743,1.4557524719548922
1744,1.9369774831267113
1745,1.6443421339782276
1746,1.4832480985921497
1747,1.8183039234465481
1748,1.6074434185064017
1749,1.170773133461823
1750,1.6046973384605956
1751,2.265448469016961
1752,1.6523781149802381
1753,1.6667056394813566
1754,1.0634273268891494
1755,1.6980308596396974
1756,1.7135698577174148
1757,1.38134522157422
1758,2.3973124490334503
1759,1.1499205227485005
1760,1.7942580391757565
1761,1.3061330432104656
1762,1.3863822435308875
1763,1.5558338980552346
1764,2.267932159186333
1765,1.3847111446501947
1766,1.600739398152528
1767,1.2545614375126204
1768,1.4893048054120177
1769,1.8320924852035299
1770,1.8479390971511038
1771,1.4242279729667466
1772,1.5163145064463848
1773,1.5240340254623856
1774,1.6134202719175292
1775,1.6170656469256552
1776,1.5070000165083186
1777,1.3691855466325835
1778,1.5522446395080214
1779,0.8445232242164732
1780,1.1973074556877925
1781,1.1946668662533706
1782,1.4512623005848586
1783,1.3726859708800696
1784,1.6903857193048264
1785,1.8264602360999733
1786,1.9219519719156117
1787,1.7727369267708442
1788,1.7575914130517283
1789,1.709685734880528
1790,0.9202938663386536
1791,2.6584810518598063
1792,2.1604342279063626
1793,2.2998970728250634
1794,1.4415677739321542
1795,1.9633489172356928
1796,1.5117899027681307
1797,1.088956237466849
1798,1.9694205391709125
1799,1.5111716733289227
1800,1.529856005837046
1801,1.8443828770964754
1802,2.023684016626473
1803,2.044718845107992
1804,1.4203065354661963
1805,1.7705648077350349
1806,1.8445604339511166
1807,1.0806523003221995
1808,1.6752784470251847
1809,1.0302063299484718
1810,1.9527862817300092
1811,1.8071899102379594
1812,1.0302555385639365
1813,1.5872281161600994
1814,2.088307131625096
1815,1.7957536639637257
1816,1.0616543638130806
1817,1.2086652972229397
1818,1.034561524568866
1819,1.671973254570792
1820,2.0059033897701566
1821,2.203335203461226
1822,1.2524684051971717
1823,1.516980982772454
1824,2.4110271940814276
1825,1.8115298692798305
1826,2.049113747159536
1827,1.103101758500684
1828,1.8617518534533524
1829,1.5531950469862004
1830,1.4277986641296188
1831,1.3302783505530293
1832,1.2757951596343855
1833,2.1664775434573103
1834,1.3268805674528803
1835,2.347698235049372
1836,1.3775622542866843
1837,1.936167121720999
1838,1.1317154304970305
1839,1.4228328678785747
1840,1.807117491766293
1841,0.805772863673252
1842,1.2873292845227504
1843,1.3665633821224321
1844,2.2026222894556073
1845,2.058153480883427
1846,1.588231136579207
1847,1.0311326597964823
1848,1.546273416383022
1849,1.928134891818732
1850,1.5076438742656648
1851,1.653166204608932
1852,1.6244793350752575
1853,2.0554137535340122
1854,2.158440575691069
1855,1.6902012055970879
1856,1.1949663715837835
1857,1.8541982335269225
1858,1.544585728897394
1859,1.5564980167508882
1860,1.6887865691741641
1861,1.326213509081242
1862,1.4646617850033488
1863,1.662868612825332
1864,1.684021615719628
1865,1.271117735714924
1866,0.9882309915699593
1867,1393.953888544675
1868,1.7905705052100094
1869,1.753597850333745
1870,1.866762298457927
1871,1.4058140779808772
1872,1.8979894975869231
1873,1.1913074803665091
1874,1.4629564558343315
1875,1.5561114369943596
1876,1.4880573760931506
1877,1.3478039746406396
1878,1.3148549681099568
1879,1.676744655245391
1880,1.8853093495580688
1881,1.9141800539334048
1882,1.8496696929635188
1883,1.072670678991555
1884,1.6806485094092372
1885,1.6200157067957173
1886,1.6959805793303002
1887,1.7520747801544998
1888,1.5376295770000177
1889,1.8699956724221396
1890,1.8796047021808333
1891,1.196179856238295
1892,1.3401527187836364
1893,1.7688664707329667
1894,1.316095532136267
1895,1.9010734265069236
1896,1.417609603672528
1897,1.2059582351249827
1898,1.9851982404840025
1899,2.4670547797745974
1900,1.856205187546958
1901,2.106969383932018
1902,1.3449196854967354
1903,1.3261059574340603
1904,1.7918000820968307
1905,1.972213456555583
1906,1.1643406778352032
1907,1.56395630436877
1908,1.2997194755944776
1909,1.965598308379723
1910,1.3515871528462067
1911,1.5880630786320031
1912,1.1618076240178403
1913,1.1368852809317507
1914,1.484470121218949
1915,1.5274627067536612
1916,1.5697353629336135
1917,1.2623748093201574
1918,1.1443267238266037
1919,2.018665377894129
1920,1.976321631427535
1921,1.837387285272764
1922,1.2572282561819836
1923,1.7576312892577806
1924,1.364489183896289
1925,2.467447219246751
1926,2.0806242274528337
1927,1.720389849843068
1928,1.44312876502534
1929,1.7689006997220957
1930,2.2053493307590415
1931,1.8401852905153053
1932,1.8079886614038752
1933,1.7000398164422328
1934,1.8307952990293634
1935,1.8197305470308784
1936,1.3171122150783576
1937,1.3005680565778186
1938,2.452613540687151
1939,1.638618044034153
1940,1.317495312078237
1941,1.326501728896183
1942,1.9243626358421764
1943,1.5191131292425606
1944,1.529569963982851
1945,1.5899182064040434
1946,1.571245003346218
1947,1.1685902936066914
1948,1.5481791109745378
1949,1.416333643252903
1950,1.101062776683011
1951,1.964458744482766
1952,1.3778686296017026
1953,1.5683413550040393
1954,1.997784216924803
1955,2.065485750906268
1956,1.4605305189401978
1957,1.9156407228975494
1958,1.4641720381549512
1959,1.1676830750134604
1960,1.6051563494718684
1961,1.183097645315698
1962,1.9245399863386483
1963,1.5066447969935743
1964,1.522084123975857
1965,1.3701173243355447
1966,1.4907634360161335
1967,1.6409412924710984
1968,1.845131428117406
1969,2.4423648451416984
1970,1.9570619080561027
1971,1.9163345758067845
1972,1.5198432241942774
1973,1.5614927121423297
1974,1.3417204183741005
1975,1.1159599894359282
1976,1.5897164799326544
1977,1.4724735550602497
1978,1.250546350753939
1979,1.6209672329196134
1980,1.6070996757874931
1981,1.2747275780439633
1982,1.6371081678857409
1983,1.6755630490218707
1984,1.9745808950987263
1985,1.6489427196613802
1986,1.5782014187875797
1987,1.7403294149556743
1988,1.2411506931834104
1989,2.191996748364462
1990,1.7346152892089732
1991,2.2200712889279077
1992,1393.7163203639182
1993,1.5593621612723325
1994,1.7016262189679938
1995,1.708261406622872
1996,0.9930889520781255
1997,1.455079843552261
1998,1.724137088793726
1999,1.2361439895171904
2000,1.4071939339488226
2001,1.1936425648867528
2002,2.0252211902517296
2003,1.4493595061876379
2004,1.7430562576795796
2005,1.8388481835381216
2006,2.108974394465459
2007,1.2507160865089724
2008,2.389338690205673
2009,1.1836976316140504
2010,1.503455802791592
2011,0.839778999047975
2012,1.4161422458035853
2013,1.4118022917514417
2014,2.0233162442808172
2015,1.3146339817556767
2016,1.658507133339876
2017,1.9809844398829846
2018,1.9913179893345494
2019,1.4623445187484576
2020,5883.079158702005
2021,1.7866473471307103
2022,2.0004629897844595
2023,1.4206593924125026
2024,1.4438393505701685
2025,1.4615830791036664
2026,1.4041119868399305
2027,1.540905505728423
2028,1.692941609591689
2029,1.5148275128404465
2030,2.102120235405255
2031,1.6034135985440863
2032,1.781221429710626
2033,1.2427542954194726
2034,1.9798550319398267
2035,1.6831780247537869
2036,1.738284397997606
2037,1.4845963632400756
2038,1.3434146154522975
2039,1.52689929254547
2040,1.39188249943765
2041,1.419428437999496
2042,2.0736624003261377
2043,1.4703535685532483
2044,1.4645051757602106
2045,1.524647799081844
2046,1.6074339151076504
2047,2.315268509903594
2048,1.596266864286952
2049,1.5057145934268674
2050,1.6881228139270223
2051,1.5162474137031787
2052,1.5472905574181395
2053,2.4233756336097416
2054,1.7225712332736425
2055,2.290610359407129
2056,1.6204083738190753
2057,1.6711877152158667
2058,1.6488814553641775
2059,1.4928110773231607
2060,2.083611288953068
2061,2.0106180184969173
2062,1.6035100122476371
2063,1.4938577435594043
2064,1.5891966978505128
2065,1.8747382495938032
2066,1.5461491480370426
2067,2.01044372493507
2068,1.4959681569626329
2069,1.3214917459280777
2070,1.49005606077168
2071,1.5295857183502493
2072,1.234880524191589
2073,1.390307710274231
2074,1.640397156254855
2075,1.6502451644363156
2076,1.7776455122408708
2077,1.9295844038157852
2078,1.6824425898768107
2079,1.4971211949666179
2080,1.6582259737302754
2081,1.5511322116418573
2082,1.6268879466986215
2083,1.3437845917308595
2084,1.417345888591519
2085,1.7706839066356646
2086,1.3472293962886086
2087,1.4999103434438879
2088,1.7580734108619887
2089,1.7393634138909717
2090,1.890645610386554
2091,1.4842860155356319
2092,1.433484830772021
2093,1.4611765468063027
2094,2.245735448895497
2095,1.385791273232969
2096,1.4844429027586803
2097,1.4434664499971073
2098,1.4637043095713145
2099,1.588919325971112
2100,1.2114256140475719
2101,2.059078987772464
2102,0.9539332827675757
2103,2.2638187205956326
2104,1.4606662773089758
2105,1.2923011117627996
2106,1.421889789247621
2107,1.8687806816903931
2108,2.1179625834691227
2109,1.6790546081701445
2110,1.6308227072144057
2111,1.8440744452958613
2112,0.8487700909451084
2113,1.5862677462271633
2114,5759.810329393218
2115,1.3394845967824396
2116,1.8033451586165827
2117,1.742912263315114
2118,1.2923661042689554
2119,2.1191305641812384
2120,1.8954018323807607
2121,1.0718859716533085
2122,1.5798810609106388
2123,1.739242890397048
2124,1.5843226141418425
2125,1.2347688380124746
2126,1.225146753169367
2127,2.090609471052672
2128,1.826179062781825
2129,1.3340454795326935
2130,2.390452520636195
2131,1.6158427968559193
2132,1.4062318485972805
2133,1.1688618852927686
2134,1.8243287768610403
2135,1.2052297027812673
2136,1.5395453156685732
2137,1.4476672590617925
2138,1.259416559794022
2139,1.4256290692259461
2140,1.8801554642532459
2141,1.701935299848422
2142,1.3203887392413356
2143,1.58246838600254
2144,1.2900623520957744
2145,1.740492308554461
2146,1.5987211078942847
2147,1.5975104967867642
2148,1.3695197351291681
2149,1.8035726195097836
2150,1.684644867170734
2151,1.6795727098350695
2152,1.7595802005461123
2153,1.6021170692568345
2154,1.6201292736233555
2155,1.7531368930743705
2156,1.3572314574968878
2157,1.935832774924651
2158,1.1992986832109238
2159,1.8457080604914498
2160,1.6983762176061237
2161,2.213459554537527
2162,1.5758372066713773
2163,1.2266873822973627
2164,1.9538094915728785
2165,1.2093983050376111
2166,1.8750569600051887
2167,1.8802250515466568
2168,1.607841006833692
2169,1.962368377246066
2170,1.778278540611474
2171,1.533493154842655
2172,1.6838741379324236
2173,2260.2461582475003
2174,1.8669412269337036
2175,1.521836219061771
2176,1.5494197969056336
2177,1.361212592799236
2178,1.0766891388298816
2179,2.1442233997304703
2180,11740.656825468724
2181,1.8020481342458003
2182,1.5093726850717155
2183,2.03708120463719
2184,1.3721413173024009
2185,1.3842068603565805
2186,2.301608208387534
2187,1.8543528997965466
2188,1.5087623410213724
2189,1.112836890776108
2190,1.295512839653263
2191,1.1254339248199305
2192,1.93530901202925
2193,1.2776117108598448
2194,1.7919126438570083
2195,1.4096760461599356
2196,1.9244749101450407
2197,1.2948214929164779
2198,1.2723307593206536
2199,1.9046036697402786
2200,1.703556755517993
2201,1.0401334027776856
2202,1.2713740073416293
2203,1.5315206527370218
2204,1.5372194311081868
2205,2.1066303437641904
2206,1.7881544059613983
2207,1.6943273350265375
2208,1.2832855393913938
2209,2.1215352917806887
2210,1.3073989510807893
2211,1.7183590165084541
2212,1.537847458028625
2213,1.3625683096477286
2214,1.4390100758690865
2215,2.005503799689352
2216,1.3970387690202288
2217,1.3059059185192834
2218,1.9531864783762356
2219,1.5677552539248094
2220,1.9147900579665982
2221,1.7777270695706022
2222,2.54972984386025
2223,2.1871267411113307
2224,1.492043558852655
2225,1.7455540597123314
2226,1.3452661054288166
2227,2.308162392191431
2228,1.4895318117881533
2229,1.6671879591996943
2230,1.4570071103309197
2231,2.0300411924669146
2232,2.505938520230445
2233,2.3789849001244567
2234,1.728255636997019
2235,1.1811253057196438
2236,1.620905606091945
2237,1.4809481548950774
2238,1.8379940413497105
2239,1.8480471239430385
2240,1.1166280367176398
2241,1.337687829319265
2242,1.6209561041867409
2243,2.3313790179221487
2244,1.0474909280469848
2245,1.3418103384804765
2246,1.2958922827725305
2247,1.5546880408209622
2248,1.849142187874041
2249,1.7389991703290768
2250,1.7862771814073495
2251,1.9089620633917206
2252,1.8121978767811213
2253,1.4740241947637256
2254,1.4187683981232675
2255,1.153735087860123
2256,2.0448520486778343
2257,1.6472538047995282
2258,1.6179254297781553
2259,1.8115281020774445
2260,1.7065371816397514
2261,1.7795771464789598
2262,1.1483305767217147
2263,1.5154782015889472
2264,1.6427503946596964
2265,1.819612873028598
2266,2.4132626282837997
2267,1.0109438056880893
2268,1.537808231169022
2269,1.8437856048395913
2270,1.5695881658649908
2271,1.4477125251335168
2272,1.4720357475778725
2273,2.124700034729465
2274,1.561412965274252
2275,1.022819978303902
2276,1.8037840640647265
2277,1393.2708720078438
2278,2.236726665957404
2279,1.56198150006853
2280,1.9071402959891506
2281,1.7402881019376186
2282,1.5215213717689144
2283,1.2823300300353817
2284,1.3245136159406476
2285,1.812839700597186
2286,2.0962989394828675
2287,1.2354132327025613
2288,1.7207361206064617
2289,1.9787579801928687
2290,1.2209211460954659
2291,2.2768472207012773
2292,1.5259684619482194
2293,1.6347947551162445
2294,1.151434117070512
2295,1.4572954956415547
2296,1.250776153923578
2297,0.9966125251423833
2298,1.8381591712184024
2299,1.6443254136996943
2300,1.255289384653517
2301,2.1724824333501527
2302,1.5000415577729622
2303,1.693496918424019
2304,1.7223793717538893
2305,1.2986010757785902
2306,1.0800044095380932
2307,1.7444921217838836
2308,1.1894796426938763
2309,1.1971646899712465
2310,1.3760017659248447
2311,1.8598765154630723
2312,1.2395674369419574
2313,1.291400666098098
2314,1.8390040977915343
2315,1.419598827845098
2316,1.4205723223283102
2317,1.4449918130566304
2318,1.1257968985187201
2319,2.294960527707491
2320,1.6048906893310861
2321,1.7495213153395412
2322,1.8881172912768704
2323,1.2668207590504443
2324,1.907248675519039
2325,1.6871141155719789
2326,1.4033736860499046
2327,1.6073743726572713
2328,1.4833506032044856
2329,1.7088658383629667
2330,1.8411356017272245
2331,1.4036647878254775
2332,1.3277407744507068
2333,1.3189355112372638
2334,1.5747995703932256
2335,1.7020510500225041
2336,1.003136030863042
2337,1.5111421560396991
2338,1.750210695875785
2339,1.318859375004277
2340,2.1400864880510277
2341,1.8815669583215155
2342,1.3243567978307276
2343,1.3231565983442348
2344,1.4336003912136441
2345,1.8314390074274325
2346,1.440896238478066
2347,1.5022991761976225
2348,1.3798815330095717
2349,1.3019564152291123
2350,1.4217512253253692
2351,1.3460166665784716
2352,2.226625090682178
2353,1.6115782855716079
2354,1.676252383814
2355,1.7305577729836281
2356,1.536566394300033
2357,2.266695670080937
2358,1.5170800418203074
2359,1.955322632573537
2360,1.3422801938201196
2361,1.3553578076823587
2362,1.4739788328765755
2363,1.1676674234128466
2364,1.6355941557220295
2365,1.5344482166778965
2366,1.5485912642262887
2367,1.9460659704744434
2368,1.4895207022766637
2369,2.1619798986735517
2370,1.6451865995163417
2371,0.9047583301556101
2372,1.963471030068264
2373,1.7555215241409565
2374,1.3912434644485123
2375,1.4810189150643218
2376,1.2108650098071712
2377,2.2435087196702637
2378,1.628589329297148
2379,1.824835409523086
2380,2.010884349863419
2381,2.166306331124596
2382,1.4373278191307572
2383,1.8367124537902835
2384,1.5524684770590502
2385,2.4151055918305024
2386,1.4302274607376244
2387,1.2754388091163977
2388,1.77297409349132
2389,1.72476795315386
2390,1.6365920024335674
2391,1.4198345158769072
2392,1.7958753682375466
2393,1.5429171670813484
2394,1.780907805342821
2395,1.3818465428016877
2396,1.48567156605879
2397,1.5122169202144988
2398,1.4161238307030803
2399,1.4882111538080474
2400,1.2480121930593782
2401,1.2588361348906403
2402,1.7263091054960975
2403,1.5750570753424316
2404,1.7235645298883737
2405,1.5721794186523184
2406,1.2383917453567823
2407,1.7332460932463198
2408,1.118579406588197
2409,0.8824517358570831
2410,1.0975302444541362
2411,2.2455899018576546
2412,1.340561032542467
2413,1.4833627170286199
2414,1.6315381576084402
2415,1.3366103119525958
2416,1.0338118337851776
2417,1.5143022748396582
2418,1.5040911933252028
2419,1.657353489771909
2420,0.9680065802388493
2421,1.3257973038030781
2422,1.9957761190738754
2423,2.075121479924113
2424,1.20124833220397
2425,1.2963596476061783
2426,1.2262605641194804
2427,2.026936672047736
2428,1.5766416776636052
2429,1.8642788536712127
2430,1.1808603136933273
2431,1.666423487951037
2432,1.2650670845147685
2433,1.4571723383109878
2434,1.4076312550553747
2435,1.0238816987924657
2436,1.4447593031469035
2437,1.787910165077904
2438,1.4316192384343187
2439,1.3276573815117572
2440,1.3920979486392666
2441,1.5190942433319297
2442,2.209871596162864
2443,1.2652193481996363
2444,1.4842818955990453
2445,1.7434620632044877
2446,1.2351588332421655
2447,2.172003598512175
2448,2.392835694640724
2449,2.270872491104265
2450,2.0812441020476555
2451,1.8695529858726065
2452,1.6721720893898253
2453,1.5993661925980096
2454,1.980468350505383
2455,1.2099252073318156
2456,1.88451395916061
2457,1.58885157449757
2458,1.5982071837988998
2459,1.3882133259126497
2460,1.4689463102105427
2461,1.4699556699539233
2462,1.1452236942192584
2463,1.0980227385092451
2464,1.4021844264342438
2465,1.6293107381367002
2466,1.7946349663510455
2467,1.4959641351320365
2468,1.7826465899867456
2469,1.3885453474890088
2470,1.6825635741217375
2471,1.528087525671461
2472,2.069208262703442
2473,1.2665027428875506
2474,1.255218653733652
2475,1.399177992425789
2476,1.3681787041919258
2477,1.7046667911050155
2478,1.3966895731688813
2479,1.5953213148422682
2480,1.7363145078492377
2481,1.411966847183786
2482,1.2897885121885901
2483,1.8174575086908726
2484,1.799524309876779
2485,1.3060127476177916
2486,1.9678681976006054
2487,1.4193064652055294
2488,2.7912261012213477
2489,1.3724773112709545
2490,1.4639693630184216
2491,2.167225825798863
2492,1.5363851850718768
2493,1.3730160969584986
2494,1.2106273406257644
2495,1.6634619826029036
2496,1.3544561661639607
2497,1.5007239029663002
2498,1.5109681682371987
2499,1.2287902834831288
2500,0.998734161288972
2501,1.5917769930153305
2502,1.4343884754540397
2503,1.4802394762513218
2504,1.6143784040733702
2505,1.5755153370056338
2506,2.193375929558116
2507,1.656910330187678
2508,1.2482589174810808
2509,1.6606155001744973
2510,1.7324734269770432
2511,1.2377273512905982
2512,2.1615845572745642
2513,0.9377371716790583
2514,1.4283908166350328
2515,1.8310201767088923
2516,2.087424211982995
2517,1.4477735515463663
2518,2.0300567752731946
2519,1.255804398564963
2520,1.6170337962194408
2521,1.4765118782042403
2522,1.530526295978986
2523,2.2767490780649187
2524,1.6976451921918227
2525,1.197540283375324
2526,1.5786959800290103
2527,1.4116691542107958
2528,1.2824964905876475
2529,2.203397066950115
2530,1.3363364248152119
2531,1.691060247861487
2532,1.2412330122320467
2533,1.4008081052833858
2534,2.0806942992822988
2535,1.1209231903416486
2536,1.9420164330355658
2537,1.5186274371023523
2538,1.6792732495662204
2539,1.2278587480064758
2540,1.4479155807327395
2541,1.715576844504206
2542,1.764559537480286
2543,1394.6551551699365
2544,1.3841831873827664
2545,1.1605219527949449
2546,1.2625315918844446
2547,1.3944472242915689
2548,1.30868744983996
2549,1.3480012000750854
2550,1.2806276822358347
2551,1.5444095173179746
2552,1.3855358961173136
2553,1.5176695618167855
2554,1.3246799712761563
2555,1.9828668095017843
2556,2.4485220382569706
2557,1.5131338471298896
2558,1.3363728556821575
2559,1.8000101400628283
2560,1.712416510761596
2561,1.8500294968494597
2562,1.5700255035386381
2563,1.8987159586690778
2564,1.2246816194519552
2565,1.5768232275255045
2566,1.6738180464042163
2567,1.7858847009976626
2568,1.3449377413275883
2569,1.776791281610754
2570,1.509549859017376
2571,1.42211375601845
2572,1.590370390571857
2573,1.2417853451492036
2574,1.2536934993851747
2575,1.3721448082884757
2576,1.4493409617564044
2577,1.4729382119406875
2578,1.349165534256497
2579,1.816116931314104
2580,1.7196687726555462
2581,1.4448100591857513
2582,1.6173942576263487
2583,1.7723173696646968
2584,2.374389093067037
2585,1.6442799152949705
2586,1.6196972167798709
2587,1.9805090987202005
2588,2.0185513621318862
2589,1.8682228410644217
2590,1.3352284110863135
2591,1.321508511898483
2592,2.169185884971732
2593,1.2122943920785405
2594,1.4920852846356294
2595,1.7950148669567783
2596,1.312700982268731
2597,1.3698306339943676
2598,1.666475530385266
2599,2.3818505970315953
2600,1.4114299465839624
2601,1.5760562159101428
2602,1.2630999922785937
2603,1.7430968407926504
2604,1393.810669414204
2605,1.6402190355709396
2606,1.460345244781611
2607,1.690343932826038
2608,0.9324764393572502
2609,1.6476047159274627
2610,1.5562259051599248
2611,1.9436744309320453
2612,1.3547848205400466
2613,1.4907740816797268
2614,1.6977683874693823
2615,1.4263140962621519
2616,1.9104082695430333
2617,1.7851092198643375
2618,1.8685252584430962
2619,1.2921412399579928
2620,1.820000441368978
2621,1.2409082017047262
2622,1.6835448739070695
2623,1.3589315784415983
2624,1.4623635532111892
2625,1.4625242850800244
2626,1.5465028580547622
2627,1.0848066160012784
2628,1.4983369713094656
2629,1.8507669739356576
2630,1.586019918375373
2631,1.3477441776416776
2632,1.3707251925164383
2633,1.7250099779041703
2634,1.6473591844348898
2635,1.5878909729591357
2636,1.3714804054000354
2637,1.5528133493322311
2638,1.8835279647595415
2639,1.619000736753602
2640,2.125638362931424
2641,1.2859846514675537
2642,1393.5621539822478
2643,1.16239264469247
2644,1.4631826408109334
2645,1.3911105574807971
2646,1.1326780098582974
2647,1.6720897617058168
2648,2.0178127768127796
2649,1.303290996701518
2650,2.242388498009599
2651,1.7551741701179577
2652,1.8997333134534837
2653,1.7353556143556859
2654,1.3027109115761402
2655,2.0150431563746216
2656,1.6280952979161816
2657,1.4873699857468832
2658,1.4327033640886448
2659,2.0323589693673565
2660,1.668691693788879
2661,1.646243049539115
2662,1.801989850149856
2663,1.7381499366550672
2664,1.7378847610155275
2665,1.172632602983397
2666,1.8267554875085785
2667,1.463417733477188
2668,1.7235117572788379
2669,1.6527054564902792
2670,1.494591779786802
2671,1.6427275191134842
2672,1.1518010314071365
2673,1.8461065175354903
2674,2.084008613071158
2675,1.6134677254448313
2676,1.428177610172534
2677,1.3126508530629444
2678,1.4978102978554726
2679,1.1956559883515094
2680,1.5399005295490078
2681,1.7667374400536289
2682,1.7766960272587335
2683,1.3940492293774394
2684,1.5442710697290067
2685,1.2522163212549695
2686,1.3221021362868486
2687,1.6741967773152184
2688,1.6728783426725815
2689,2.0003826704132046
2690,1.9399169758375057
2691,1.4755129630154502
2692,1.7296555562391054
2693,1.8407281665226045
2694,1.849731122636435
2695,1.7220106115032654
2696,1.2548788670314295
2697,1.4665254523309348
2698,1.3028557075681602
2699,1.7256173444001612
2700,1.5518907035918987
2701,1.1966109047645181
2702,1.4861667522101933
2703,1.9312927875143457
2704,1.1046153910262961
2705,1.2079428492873965
2706,1.7401881500104917
2707,1.0114112113933422
2708,1.8337238812441965
2709,1.7590231397059084
2710,1.8150247911545605
2711,1.6115717896563864
2712,1.1650504723384625
2713,2.492047479888147
2714,1.6834685867206103
2715,2.1571386608178384
2716,2.3874921623485945
2717,1.363625949480776
2718,1.684454937370496
2719,1.8825661329065864
2720,1.4002466278147556
2721,1.4272201034708756
2722,1.623535704645867
2723,1.4072957936639086
2724,1.6819536229534628
2725,1.38759534885241
2726,2.351388677425078
2727,1.9189796885000605
2728,1.607787163526003
2729,1.5723969700006153
2730,1.5379169745908354
2731,1.125484571931395
2732,1.393734645538773
2733,1.3311356364923945
2734,1.7332825930422142
2735,1.5542840087635699
2736,1.813830946513161
2737,1.7509656860246823
2738,1.275782717158842
2739,1.5273838572763134
2740,1.3270320862810037
2741,1.656313694954985
2742,5740.246131398643
2743,2.173452709151187
2744,1.0019654342776372
2745,2.335557778082748
2746,1.301909448995559
2747,1.0705646647628149
2748,1.9985359948160317
2749,1.3877673703009035
2750,1.8908187240415149
2751,1.8798287112444116
2752,1.7036678634281757
2753,1.287557972619016
2754,0.9273773645328629
2755,2.183101998528025
2756,2.0355313389225906
2757,1.8756664596606987
2758,2.1080479352730115
2759,1.2914426568525188
2760,1.3899473198511754
2761,1.4211708689597589
2762,1.9808601994211885
2763,1.6723166689259858
2764,1.7037472642082598
2765,1.9344259048481023
2766,2.357537029822733
2767,1.1245423085246145
2768,1.9191351966586165
2769,1.8916987665432041
2770,1.7071699697246396
2771,1.4613857853843168
2772,1.7961692975981467
2773,1.807118138843267
2774,1.6009547821845895
2775,1394.3118357104704
2776,2.3646588403021536
2777,1.5420432336909606
2778,1.787566161982299
2779,1.6895380359825187
2780,1.433082813012166
2781,1.5679871327566248
2782,1.2343941598104349
2783,1.9998359523347105
2784,2.230592120584217
2785,2.0662995323800897
2786,1.2527356278487234
2787,1.452623848086447
2788,1.4835503655578846
2789,1.814191624580087
2790,1.806248192607296
2791,2.3131521187089517
2792,1.6406620862203585
2793,1.4770567773102667
2794,1.6195102308098552
2795,1.426701153187399
2796,1.286930996253621
2797,1.4053248975537804
2798,2.1076536983751692
2799,1.9633623871327168
2800,1.3094265219994088
2801,1.4722473209578053
2802,1.284099386509515
2803,1.3010973876186258
2804,1.7661418011670231
2805,1.3418716611765842
2806,2.1279426924967018
2807,1.5213829388376
2808,1.9484929809675295
2809,1.7021554448094331
2810,1.5224378338863953
2811,2.3772786478877195
2812,1.6715869368199467
2813,1.7500409835109225
2814,1.5728589956053007
2815,1.4996963210635696
2816,1.6224784874188474
2817,1.6874139028879727
2818,1.6302474841731023
2819,1.3210259654048104
2820,0.8472603755253052
2821,1.5678747785503842
2822,2.492212449357108
2823,1.7032719250347936
2824,1.869275937238957
2825,1.4904580900603541
2826,0.9961852123243845
2827,1.1036789807933522
2828,1.5570566719221246
2829,1.4264748772668434
2830,0.8978381047215226
2831,1.8826523756001088
2832,1.2871782270485086
2833,1.1495488220934655
2834,1.7462486399694308
2835,1.859505282364691
2836,2.0938944424600057
2837,2.3890542190356614
2838,1.5489944430217029
2839,1.267480022526333
2840,1.2567055111720469
2841,1.3786614087592886
2842,1.260511975852686
2843,1.2113888275840932
2844,1.567210952561903
2845,1.0860193433136927
2846,1.8772429307036167
2847,1.3970244927313127
2848,1.2107782296577234
2849,1.6738423457053817
2850,1393.583097261435
2851,2.1368594228377513
2852,1.4661251682755265
2853,1.8981504918874295
2854,1.5035385658473082
2855,1.4749180428587123
2856,1.7609956429275238
2857,1.946797550102351
2858,1.6194300201553335
2859,1.3400441250124417
2860,2.232199662283679
2861,1.7150814362521325
2862,1.6865219054959233
2863,1.3609384498901669
2864,1.658267479370554
2865,2.079644894918031
2866,2.3024882942144957
2867,1.3319799454422367
2868,1.8839218186063191
2869,1.4325379724571061
2870,1.431445781757966
2871,1.2098120972420385
2872,1.360690991273722
2873,1.6341425853995306
2874,1.3026367880153176
2875,1.7897574283416753
2876,1.8945544983898772
2877,1.8375727971736986
2878,1.7013306570792954
2879,1.9171557834228958
2880,1.914606825414346
2881,1.1159378547966665
2882,0.8673790182201127
2883,1.236408137488791
2884,1.4560796154993243
2885,2.1099543027569
2886,1.658863934950989
2887,1.5286452899561855
2888,2.240991380949247
2889,1.1045157806619668
2890,1.1284587866633837
2891,1.3297541834932742
2892,1.3224028400069554
2893,1.7177234722525199
2894,1.962480013488476
2895,1.7601790097650052
2896,2.0093760862247994
2897,2.5750058718102276
2898,1.5793462215718974
2899,1.6926079250082187
2900,1.3640940062824554
2901,1.109846623404356
2902,2.1860782710385696
2903,1.741394615171821
2904,1.5308985602067735
2905,2.00801131085974
2906,1.4689371006038543
2907,1.8083205179085795
2908,1.6377926324092709
2909,1.931176465662636
2910,1.3209363759216206
2911,1.6043016266517347
2912,1.7822687396016026
2913,1.7100174430375146
2914,1.441150345619711
2915,1.5154194302614654
2916,1.7292054108465105
2917,1.3107133512324238
2918,1.5121345924370473
2919,1.5832449328965368
2920,1.2167175814445272
2921,2.013248254091547
2922,1.2376696278812949
2923,1.9225731603566587
2924,1.630108647108576
2925,1.5837869979583286
2926,1.27288181371181
2927,1.8028062182126587
2928,1.4608678790893728
2929,1.1623289299637523
2930,1.2239397930802411
2931,1.165874271214456
2932,1.1464173910123217
2933,1.8552471792263967
2934,1.349138967849178
2935,2.096619350416057
2936,1.147170227615839
2937,2.273575708518462
2938,1.9997944918567572
2939,2.1996580018021947
2940,1.4889167315056406
2941,1.8963225008287692
2942,2.059647839488776
2943,1.9946944256274461
2944,1.2163762788208736
2945,1.5938158079464182
2946,1.8617089331580354
2947,1.3418988862308723
2948,1.686013513203176
2949,1.4788146209193545
2950,0.9598787371308992
2951,1.380541619263902
2952,2.0240845798263183
2953,1.5091290734501879
2954,1.936159243733316
2955,1.8161983741961718
2956,1.461410609978584
2957,1.3811795840331442
2958,1.88118868876436
2959,1.6998019193284197
2960,1.8176289865952195
2961,1.34853087942844
2962,1.308987333498224
2963,1.745898421762368
2964,2.2566257782267996
2965,1.4301268396260292
2966,1.7677546072229324
2967,1.4822768273239584
2968,1.3227672289224286
2969,2.2948093552861946
2970,1.8112835596021195
2971,2.0573808746659132
2972,1.6472410890460416
2973,0.9924386790988161
2974,1.6752382375380173
2975,1.7448233549069019
2976,1.8625214508743393
2977,2.1107301777251237
2978,1.6146519932608596
2979,1.9440554245624024
2980,1.721911884027763
2981,1.5151398685424757
2982,1.6856819392521547
2983,1.508208308920146
2984,1.277163339905018
2985,1.5255651599415223
2986,1.7578656201602794
2987,1.587754788882918
2988,1.713745347171446
2989,1.2614038431791874
2990,1.7918161499449166
2991,1.5745140951545908
2992,1.4754855461360448
2993,1.3388971137214638
2994,1.3436106421295642
2995,1.5712847878085128
2996,1.811163549685647
2997,1.3768011443572292
2998,1.6337692160017263
2999,2.0051068616165044
3000,1.681720413836616
3001,1.2995739431309086
3002,1.92972445969079
3003,1.4743340440404211
3004,1.285298391694362
3005,1.3307400837106738
3006,1.5266329521212303
3007,1.3455723267547643
3008,1.642079298493304
3009,1.8294571720841182
3010,1.5371015707176225
3011,1.7950642651104396
3012,1.3341866253446357
3013,1.2286013804832119
3014,3.1564849267066517
3015,1.3852164942161753
3016,1.2524111505017006
3017,1.7349740304155286
3018,1.399950015654974
3019,1.7051975912737476
3020,1.5419307466227894
3021,1.701260098766849
3022,1.070585417434069
3023,1.3849207400029933
3024,2.0921505799725058
3025,1.2905261385928564
3026,2.355079620855401
3027,1.9870338824399598
3028,1.6186980881780189
3029,1.4054829621091494
3030,1393.5863912126827
3031,1.7689943176510063
3032,1.2568629586035405
3033,1.5603948444290006
3034,1.6335577977889841
3035,1.1842674580051191
3036,1.2435211737295593
3037,1.8805835101261905
3038,1.59583630277152
3039,1.4010015940365903
3040,1.591331119867893
3041,2.007393582237701
3042,1.4386166229120747
3043,1.7013889945559455
3044,1.8785241696490358
3045,1.1934794592464621
3046,1.3202132132307969
3047,1.9342158389453823
3048,2.2669855799013483
3049,1.5772198519893927
3050,1.681552451757069
3051,1.4107832436421286
3052,1.8693160012057812
3053,1.3346064750572504
3054,1.8443740729607012
3055,1.843772123874654
3056,1.3338999544502335
3057,2.6201996813012305
3058,2.749587150115798
3059,1.5647832590028157
3060,1.6456815180172426
3061,1.8038513824085436
3062,1.6545112181891697
3063,1.2411985426245447
3064,1.5330018779487724
3065,1.8371806219107358
3066,1.4920928281053216
3067,2.120826999372779
3068,1.82762508909771
3069,1.3536215463149075
3070,1.3631839855385675
3071,2.0640350664979485
3072,1.6977225409701735
3073,1.4059071502170213
3074,1.1451931190658717
3075,1.2908250030242692
3076,1.5714564601784993
3077,1.2557251396558697
3078,2.0522982529514753
3079,1.1867087087457968
3080,1.178935830725411
3081,1.5958479681494673
3082,1.4632617432636883
3083,1.5858612384771538
3084,1.3224264298164794
3085,1.5227216533797205
3086,1.593336909134378
3087,1.6109653710494785
3088,1.1799323818418388
3089,1.6049902219416883
3090,1.7399797004015516
3091,1.6540878686159546
3092,2.759565982028459
3093,1.7008312744870533
3094,1.2967046489535765
3095,1.7735476909832173
3096,1.3401865405555542
3097,1.2407514688242522
3098,2.246897278848669
3099,1.7632120933276008
3100,1.2597816308712075
3101,2.1702801352754366
3102,2.3195769365887324
3103,1.7964870796643158
3104,1.7368777163506846
3105,1.1634132142330085
3106,1.8867550873666057
3107,1.532330367010896
3108,1.2389451573334933
3109,1.6750043227135225
3110,1.59042332482168
3111,1.7267307652232813
3112,1.4075872813876131
3113,1.4278557270548777
3114,1.8195567190329316
3115,1.6879515926125979
3116,1.5145921968228981
3117,1.5133907975466465
3118,1.5818397865899383
3119,1.923532650131061
3120,1.284546840068845
3121,2.1899154314918725
3122,1.8243932671591536
3123,1.2828014618124066
3124,1.6449200639850645
3125,1.469866438208412
3126,1.3508867976805925
3127,1.6967244921590248
3128,1.783318108970854
3129,1.3225949592564274
3130,0.9008264814715955
3131,1.8052211708231898
3132,2.000393590567012
3133,1.3427370568474872
3134,1.48393493071915
3135,1.1623823469125714
3136,1.4426390684150616
3137,1.6476827651534571
3138,1.3833888693849064
3139,1.417087595754407
3140,1.7669750140224678
3141,1.551485359212887
3142,1.3350122987186994
3143,1.536284601959639
3144,1.9853422495583841
3145,1.5535181064622303
3146,1.1225138055775872
3147,1.4535986741785527
3148,1.7724779898821361
3149,1.3686308153554223
3150,1.828929051253257
3151,1.2913808886732938
3152,1.973755319608926
3153,1.795609279659166
3154,1.674779091918598
3155,1.780377907108415
3156,1.4867301291190675
3157,1.8405528003532117
3158,1.8511431605228745
3159,1.6718524767500234
3160,1.4011462013498044
3161,1393.944425008233
3162,1.434077523824721
3163,1.2968320900543562
3164,1.429065687596482
3165,1.7213914448892011
3166,1.8314162293046137
3167,2.1646638107067604
3168,2.3143797760297686
3169,1.094434798514114
3170,1.4317939465110503
3171,1.5526734865714438
3172,1.2653426766230584
3173,1.8031321394677347
3174,1.56742781991873
3175,1.8413627154787657
3176,1.1539842611676836
3177,1.0781456013040445
3178,1.2951794471357252
3179,1.6227046792322761
3180,1.7059077254652513
3181,1.4673100836468287
3182,1.1562595183959936
3183,1.119841772959365
3184,1.1053299081925787
3185,1.3972594490980539
3186,1.4086309654261233
3187,1.3536199056780904
3188,1.2101228048813364
3189,1.3730795041353974
3190,2.0759379992867197
3191,1.1680657371199001
3192,1.345692292077981
3193,1.303085919067304
3194,1.1592232822982849
3195,1.9030250170698133
3196,1.0621598537218513
3197,1.7916916049392366
3198,1.5537207781198774
3199,1.593646544720371
3200,1.8980297272134823
3201,1.4536224202400931
3202,1.7071546317641535
3203,1.1127969818308003
3204,1.8778455282941093
3205,1.991520423915019
3206,1.806183616875477
3207,1.548262191201485
3208,1.1437970192670086
3209,1.630258568236652
3210,0.8449489620868671
3211,2.2222861676311823
3212,2.1738297753389166
3213,1.6394051821216877
3214,1.6953515820907792
3215,0.7781767997657255
3216,1.0939352093345203
3217,1.3831682304700625
3218,1.1084128713609134
3219,1.6279651213939168
3220,1.4443445343581829
3221,1.2455072148142456
3222,1.6093715896775147
3223,1.5533170109267673
3224,1.7655679124375252
3225,1.625916004132943
3226,1.6275521957090402
3227,0.9715112333888425
3228,1.3846434643586658
3229,1.8053525471562908
3230,1.5820491627941078
3231,2.0321856383733676
3232,2.0055819810149096
3233,2.1229753715783772
3234,1.7011949019850694
3235,1.717336605440929
3236,1.2581776863137395
3237,1.1656129285709194
3238,1.5365627013700967
3239,1.9501193915808295
3240,1.7683970662995054
3241,1.8252400066329109
3242,1.0721990501046383
3243,1.5886532655919394
3244,1.6976224584405932
3245,1.0024714927773068
3246,1.2436136607665125
3247,2.2699793643760042
3248,1.3636777524712735
3249,2.3550219945717763
3250,1.842289389443047
3251,1.6784064631114288
3252,1.4662383628325046
3253,1.8520706608764244
3254,1.9307515634646397
3255,1.8537231899502666
3256,1.2844963560151006
3257,1.0862048138610965
3258,1.338856220468271
3259,1.833678749191499
3260,1.726475345077425
3261,1.9613641671628
3262,1.7544652784872006
3263,1.5256581024135436
3264,1.2263138543469743
3265,1.826974133766103
3266,1.0735339921047933
3267,1.9422470156483282
3268,2.0741393133313832
3269,1.6684906901364551
3270,1.4667497932545208
3271,1.7018147251149518
3272,2.155782271957542
3273,1.6732514914667789
3274,1.661913428142508
3275,1.6779269751256443
3276,1.3315183484246973
3277,1.0796389669212934
3278,1.921350718522939
3279,1.4670397146348801
3280,1.7443701121963815
3281,1.748088085913881
3282,2.1963807926494376
3283,1.758707228773446
3284,1.9842092686605282
3285,1.8562240455871644
3286,37166.12731382434
3287,0.8906963217872557
3288,1.775182046066883
3289,1.67973845217055
3290,1.8041523790713583
3291,1.5409148049725059
3292,2.320651373779987
3293,1.5652030978554552
3294,2.0394601818369518
3295,1.61706668268107
3296,1.222005323255922
3297,1.5586117091334835
3298,41.47221669516286
3299,1.5186080908777537
3300,2.01437536983326
3301,1.306636894204888
3302,1.9485982985070993
3303,1.8558402727318395
3304,1.7142757958528696
3305,2.1088878997255947
3306,1.6058655255208631
3307,1.1750555201661383
3308,1.6870806750287781
3309,1.8411274916906049
3310,1.5223373315159172
3311,1.5538612675891421
3312,1.9678912375210915
3313,1.2538590651386339
3314,2.259195934850577
3315,1.5437656415349676
3316,1.6364404031275628
3317,1.5224286261194273
3318,1.5138482137063978
3319,1394.0265168105925
3320,1.6811337363566532
3321,2.377197970109872
3322,1.4479444418290142
3323,1.7802506853394509
3324,1.4944688870328506
3325,1.7802141301938053
3326,1.4134633977423885
3327,1.6704079993858496
3328,1.6037557383204109
3329,1.3018399491149621
3330,1.8891015913864357
3331,1.0932293650849847
3332,1.8127584643298464
3333,1.688903327132463
3334,1.517248654708561
3335,1.1458692908998933
3336,1.2468412139110745
3337,1.512854290736894
3338,1.4749851009330888
3339,1.2449046650916271
3340,1.0441992156221827
3341,1.6007732481412167
3342,1.5948546628893276
3343,1.6256947647546947
3344,2.2095301461098713
3345,1.6938912522532408
3346,2.2252974633113713
3347,1.0826995658888698
3348,1.5322800116501758
3349,0.9527905601917122
3350,1.2121966254795193
3351,1.7102416848711208
3352,1.6688273518894237
3353,1.4785774347283374
3354,1.455201118820451
3355,1.9337307000832946
3356,1.8271835924767528
3357,2.0774873937577705
3358,1.4921336716746896
3359,1.5958815662824128
3360,2.128778423829452
3361,1.4460697422839797
3362,1.9407622647954463
3363,2.1905482523123325
3364,1.4901056828557222
3365,1.4675783406886491
3366,2.0435585081163556
3367,1.6635249127494365
3368,1.5736110948018058
3369,1.6432989639991078
3370,1.4407419199841345
3371,1.6567006070012629
3372,1.4537583797656666
3373,1.7956674262113317
3374,1.650126777605534
3375,1.434439035946111
3376,2.0580063611537285
3377,1.7855261773665743
3378,1.5984943200702766
3379,1.37377561408801
3380,1.4873788050085535
3381,1.4700614747561265
3382,1.1228204682801461
3383,1.4560396895783134
3384,1.896688661121834
3385,1.5560724503096581
3386,0.9378541018012893
3387,1.2182945642357508
3388,1.6623764807774584
3389,1.928829730120695
3390,2.97109369930532
3391,1.9487572414984757
3392,1.008816441197988
3393,1.5278109723054978
3394,1.7938468716804
3395,1.1266501965239362
3396,1.9634737763459755
3397,1.741393742009579
3398,1.252094425595644
3399,1.762961641435447
3400,1.2176493093048237
3401,1.3151279252529218
3402,1.7914161815636422
3403,1.4010275325782486
3404,1.4049982751198886
3405,1.2031850964469482
3406,1.2127093200364916
3407,1.7623203601969561
3408,1.1644645847767356
3409,1.6054435506564855
3410,1.4177016251492873
3411,1.7067543585201805
3412,1.6003380824757178
3413,1.274514915201698
3414,2.0818869135882125
3415,3.0082665758786438
3416,2.2890251586253765
3417,1.271540942204026
3418,1.4258858017246132
3419,2.1679696492953147
3420,1.2592433952806972
3421,1.8429547639708306
3422,1.690528372146865
3423,1.5890687034789415
3424,1.548906663123341
3425,1.533256690514074
3426,1.5778990590280795
3427,1.4651194517508572
3428,2.4283935676532975
3429,1.2996576956647434
3430,1.8440696951471929
3431,1.6065434382462016
3432,1.7472504646943408
3433,1.944505588729224
3434,1.4528355495541363
3435,1.4515377117005202
3436,1.121690559799201
3437,1.8775877687651918
3438,1.3748075245586662
3439,1.1227935582311241
3440,1.50111566499618
3441,1.548975861516578
3442,1.4920885795169372
3443,1.5814673508807473
3444,1.5189298303322318
3445,2.351890947428564
3446,1.374062553540913
3447,1.5658438153544358
3448,1.1656407752642506
3449,1.3982641223030734
3450,1.4570845266235404
3451,1.2041660686830695
3452,19.548987349649643
3453,1.1367663271528057
3454,1.7059943333086416
3455,1.7642065328862393
3456,1.5094364284817576
3457,1.8997660181839857
3458,1.0964478980758545
3459,2.054524725047206
3460,2.093738747427562
3461,1.583282254570244
3462,0.9380994824338044
3463,1.2921506579293989
3464,1.42902525384638
3465,1.4406128966590779
3466,1.3029948884549172
3467,1.4084148997691792
3468,1.4100881472192714
3469,1.617003642798965
3470,1.2653088158229897
3471,1.5641838500654488
3472,1.638821356694239
3473,1.8913265742074774
3474,1.5460360958193018
3475,1.1856879388968544
3476,1.7315179907847853
3477,0.8031530084997409
3478,1.6392427257728717
3479,1.8117209698155483
3480,1.6262090656607997
3481,1.312966353933366
3482,1.7883018867904197
3483,1.1916182326164761
3484,1.8157929047175836
3485,1.601632861837696
3486,1.4298998210834635
3487,1.9333591170295565
3488,1.5420194820679824
3489,1394.5002686434532
3490,1.3168893644583948
3491,1.3112487990945916
3492,1.8034970949227014
3493,1.5511457629532244
3494,1.7251189898670631
3495,1.5645727477901383
3496,0.9488938542900871
3497,1.6229497198962162
3498,1.251415171999275
3499,1.9171970258031659
3500,1.9633962372671334
3501,1.5318275321867838
3502,1.9212080885928358
3503,1.5243870064033624
3504,1.584714604741758
3505,1.3217403758022825
3506,1.346695220524281
3507,1.996301977722317
3508,1.8988316554065099
3509,1.391066479770825
3510,1.9199715646380877
3511,2.3094627089664446
3512,1.1626786613130553
3513,1.350997501377837
3514,1.148243451991437
3515,1.7389584649823437
3516,1.6251874823476946
3517,1.591556669202872
3518,1.3784861523529313
3519,1.6325099639057716
3520,1.5706287185196288
3521,1.6396889351186792
3522,1.5059523791595888
3523,2.0447542012536375
3524,1.4335794285907841
3525,1.1830134816349942
3526,1.6782856489342057
3527,1.8430071890749522
3528,1.4400809576840257
3529,1.3886301666941003
3530,1.9786543291403582
3531,1.313618138357072
3532,1.9025764287273945
3533,1.6965387617022616
3534,1.4005856592263175
3535,1.9448274074568301
3536,2.3045832358910854
3537,2.022699896380799
3538,1.2381009132794427
3539,1.792178587348613
3540,1.2960704594053698
3541,1.6946060776365302
3542,1.5116189750652873
3543,1.9815283813770046
3544,1.4099225988748456
3545,1.3796749604869816
3546,1.2740749784821388
3547,1.67197951888415
3548,1.505171727801285
3549,1.5449416470891537
3550,1.7815539715947069
3551,2.036960620346649
3552,1.7590106373142265
3553,1.4882418241740016
3554,1.5580074167943014
3555,1.6372091766119745
3556,1.8003916968673384
3557,1.4325671395668491
3558,1.3618918721523172
3559,1.5756252031448752
3560,1.3141419180101297
3561,1.603571510652569
3562,1.7241050450355722
3563,2.099386187006926
3564,1.3995971494355977
3565,1.8607488482150418
3566,1.8922460886610843
3567,1.2888611974885407
3568,2.0311952373543978
3569,1.8105021252109004
3570,2.1412253176973097
3571,1.2940435148177822
3572,1.6608952979417815
3573,1.288899063892021
3574,1.4382061116833942
3575,1.824309684415366
3576,1.9144401023332394
3577,1.2527226421963527
3578,1.9112169306075233
3579,1.8487598412996313
3580,1.5151390100827864
3581,1.2555960307340392
3582,1.6801120248699792
3583,1.873575688782759
3584,1.6515338961423713
3585,1.5501115369679588
3586,1.5605581870593996
3587,1.3833281406864568
3588,1.224305679974462
3589,1.6012685570916145
3590,1.5863849445578662
3591,1.9419002430580423
3592,2.145362013735454
3593,1.5478170291536375
3594,1.4984621812757366
3595,1.3815306745293048
3596,1.3076864679294364
3597,1.5764035769081908
3598,1393.135896824145
3599,1.8924499150231815
3600,1.2906172652598116
3601,1.781249726504699
3602,1.4406225204967473
3603,1.148258737849292
3604,2.0030255778643506
3605,2.2002131450993967
3606,2.131251360849786
3607,1.4478866445632053
3608,1.9735580939216273
3609,1.1146430887024334
3610,2.5124963568301877
3611,1.8466104683684594
3612,1.8544579030720192
3613,1.4955704815725555
3614,1.4505085833794202
3615,1.7272382093191354
3616,1.1355987808558548
3617,1.646724636556135
3618,1.558506287687399
3619,1.5742673054734158
3620,1.7188171558783794
3621,1.3371215962239187
3622,1.8750519843704183
3623,1.4481182304176528
3624,1.5085377144115588
3625,1.4647729544896013
3626,1921.7211860508314
3627,1.8543779497486355
3628,2.416348268540659
3629,1.6645886778074428
3630,1.9229098791918895
3631,1.9127479638270264
3632,1.9551228352197607
3633,0.9755596033575513
3634,2.0160847459419045
3635,1.5998708051034225
3636,1.3873858077021357
3637,1.784329018299899
3638,1.9216883675642427
3639,1.501762954523481
3640,1.2231991591548488
3641,1.7534156590396996
3642,2.0525663394821887
3643,1.182372225948942
3644,1.5713764394085512
3645,1.8368617717072218
3646,1.9698488109522787
3647,1.7401234814638091
3648,1.627466964732996
3649,1.855229154918037
3650,1.4744638914229111
3651,1.816598351302625
3652,1.5483982224533006
3653,2.323070403820018
3654,1.8151268417592779
3655,2.033433395962545
3656,1.5567793314580538
3657,2.2706687698617687
3658,1.6567350537317103
3659,1.6360289223933928
3660,1.1048637315997578
